pdf_name,pdf_url
,
login?service=https%3A%2F%2Fwww.uvic.ca%2Fhome%2Ftools%2Findex.php,https://www.uvic.ca/cas/login?service=https%3A%2F%2Fwww.uvic.ca%2Fhome%2Ftools%2Findex.php
,
index.php,https://www.uvic.ca/home/about/contact-us/emergency/index.php
,
index.php,https://www.uvic.ca/home/about/copyright/index.php
,
www.uvic.ca,https://www.uvic.ca
,
index.php,https://www.uvic.ca/home/about/legal-notices/index.php
,
index.php,https://www.uvic.ca/facilities/service/accessibility/index.php
,
index.php,https://www.uvic.ca/home/about/accessibility/index.php
,
login?service=http%3A%2F%2Fdev.uvic.ca%2Fcurrent-students%2Findex.php,https://www.uvic.ca/cas/login?service=http%3A%2F%2Fdev.uvic.ca%2Fcurrent-students%2Findex.php
,
index.php,https://www.uvic.ca/home/about/contact-us/index.php
,
index.php,https://www.uvic.ca/home/about/feedback/index.php
,
index.php,https://www.uvic.ca/home/about/campus-info/parking-tpt/index.php
,
index.php,https://www.uvic.ca/home/about/campus-info/tours/index.php
,
index.php,https://www.uvic.ca/home/about/social-media/index.php
,
index.php,https://www.uvic.ca/graduatestudies/admissions/admissions/apply/index.php
,
index.php,https://www.uvic.ca/home/about/contact-us/key-contacts/index.php
,
logout?url=https%3A%2F%2Fwww.uvic.ca%2Fhome%2Fabout%2Faccessibility%2Findex.php,https://www.uvic.ca/cas/logout?url=https%3A%2F%2Fwww.uvic.ca%2Fhome%2Fabout%2Faccessibility%2Findex.php
,
index.php,https://www.uvic.ca/security/parking/faq/index.php
,
,https://www.uvic.ca/communicationsmarketing/
,
logout?url=https%3A%2F%2Fwww.uvic.ca%2Fhome%2Fabout%2Fcampus-info%2Ftours%2Findex.php,https://www.uvic.ca/cas/logout?url=https%3A%2F%2Fwww.uvic.ca%2Fhome%2Fabout%2Fcampus-info%2Ftours%2Findex.php
,
index.php,https://www.uvic.ca/facilities/about/contact/index.php
,
index.php,https://www.uvic.ca/future-students/undergraduate/connect/index.php
,
index.php,https://www.uvic.ca/security/parking/citations/appeal/index.php
,
index.php,https://www.uvic.ca/facilities/about/feedback/index.php
,
school-tours.php,https://www.uvic.ca/home/about/campus-info/tours/school-tours.php
,
campus-tours.php,https://www.uvic.ca/home/about/campus-info/tours/campus-tours.php
,
login,https://www.uvic.ca/cas/login
,
index.php,https://www.uvic.ca/graduatestudies/home/home/contact/index.php
,
index.php,https://www.uvic.ca/registrar/home/contact/admissions/index.php
,
,https://www.uvic.ca/library/
,
index.php,https://www.uvic.ca/systems/services/contact/index.php
,
index.php,https://www.uvic.ca/communicationsmarketing/home/contact/index.php
,
logout?url=https%3A%2F%2Fwww.uvic.ca%2Ffacilities%2Fabout%2Ffeedback%2Findex.php,https://www.uvic.ca/cas/logout?url=https%3A%2F%2Fwww.uvic.ca%2Ffacilities%2Fabout%2Ffeedback%2Findex.php
,
index.php,https://www.uvic.ca/facilities/about/sevice-matrix/index.php
,
2019+sugar-immunotherapy-julianlum+media-release,https://www.uvic.ca/news/topics/2019+sugar-immunotherapy-julianlum+media-release
,
index.php,https://www.uvic.ca/graduatestudies/home/home/dates/index.php
,
,https://www.uvic.ca/security/parking/
,
index.php,https://www.uvic.ca/library/home/home/contact/index.php
,
index.php,https://www.uvic.ca/current-faculty-staff/home/resources/index.php
,
EventLists.aspx?ID=26,https://my.uvic.ca/Ellucian.ERecruiting.Web.External/Pages/EventLists.aspx?ID=26
,
index.php,https://www.uvic.ca/systems/services/avmultimedia/classroomav/index.php
,
feedback.php,https://www.uvic.ca/systems/services/contact/feedback.php
,
logout?url=https%3A%2F%2Fwww.uvic.ca%2Ffacilities%2Fabout%2Fsevice-matrix%2Findex.php,https://www.uvic.ca/cas/logout?url=https%3A%2F%2Fwww.uvic.ca%2Ffacilities%2Fabout%2Fsevice-matrix%2Findex.php
,
,https://www.uvic.ca/home/current/
,
,https://www.uvic.ca/current-students/home/graduating/
,
,https://www.uvic.ca/ceremonies/
,
index.php?view=month&cview=index,https://events.uvic.ca/index.php?view=month&cview=index
,
,https://www.uvic.ca/ceremonies/convocation/students/
,
logout?url=https%3A%2F%2Fwww.uvic.ca%2Fsystems%2Fservices%2Fcontact%2Ffeedback.php,https://www.uvic.ca/cas/logout?url=https%3A%2F%2Fwww.uvic.ca%2Fsystems%2Fservices%2Fcontact%2Ffeedback.php
,
index.php,https://www.uvic.ca/communicationsmarketing/internal/ring/index.php
,
index.php,https://www.uvic.ca/registrar/home/contact/index.php
,
index.php,https://www.uvic.ca/ceremonies/convocation/home/schedule/index.php
,
index.php,https://www.uvic.ca/home/current/contact-us/mailing/index.php
,
index.html,https://web.uvic.ca/calendar2019-05/cal/index.html
,
index.php,https://www.uvic.ca/communicationsmarketing/internal/ring/involved/index.php
,
index.php,https://www.uvic.ca/ceremonies/convocation/traditions/index.php
,
,https://www.uvic.ca/systems/services/avmultimedia/
,
logout?url=https%3A%2F%2Fwww.uvic.ca%2Fcurrent-students%2Fhome%2Fgraduating%2F,https://www.uvic.ca/cas/logout?url=https%3A%2F%2Fwww.uvic.ca%2Fcurrent-students%2Fhome%2Fgraduating%2F
,
index.php,https://www.uvic.ca/home/current/contact-us/key-contacts/index.php
,
index.php,https://www.uvic.ca/home/current/contact-us/key-departments/index.php
,
4676,http://dspace.library.uvic.ca/handle/1828/4676
,
,https://www.uvic.ca/communicationsmarketing/photos/
,
logout?url=https%3A%2F%2Fwww.uvic.ca%2Fregistrar%2Fhome%2Fcontact%2Findex.php,https://www.uvic.ca/cas/logout?url=https%3A%2F%2Fwww.uvic.ca%2Fregistrar%2Fhome%2Fcontact%2Findex.php
,
logout?url=https%3A%2F%2Fwww.uvic.ca%2Fhome%2Fcurrent%2Fcontact-us%2Fmailing%2Findex.php,https://www.uvic.ca/cas/logout?url=https%3A%2F%2Fwww.uvic.ca%2Fhome%2Fcurrent%2Fcontact-us%2Fmailing%2Findex.php
,
logout?url=https%3A%2F%2Fwww.uvic.ca%2Fcommunicationsmarketing%2Finternal%2Fring%2Finvolved%2Findex.php,https://www.uvic.ca/cas/logout?url=https%3A%2F%2Fwww.uvic.ca%2Fcommunicationsmarketing%2Finternal%2Fring%2Finvolved%2Findex.php
,
,https://www.uvic.ca/websites/
,
index.php,https://www.uvic.ca/home/current/contact-us/emergency/index.php
,
logout?url=https%3A%2F%2Fwww.uvic.ca%2Fhome%2Fcurrent%2Fcontact-us%2Fkey-contacts%2Findex.php,https://www.uvic.ca/cas/logout?url=https%3A%2F%2Fwww.uvic.ca%2Fhome%2Fcurrent%2Fcontact-us%2Fkey-contacts%2Findex.php
,
index.php,https://www.uvic.ca/research/learnabout/home/infofor/partners/index.php
,
index.php,https://www.uvic.ca/ceremonies/convocation/traditions/contact/index.php
,
avfeedback.php,https://www.uvic.ca/systems/support/avmultimedia/avfeedback.php
,
index.php,https://www.uvic.ca/communicationsmarketing/photos/video/plan/index.php
,
unified-form.php,https://www.uvic.ca/systems/support/avmultimedia/unified-form.php
,
index.php,https://www.uvic.ca/communicationsmarketing/photos/order/index.php
,
index.php,https://www.uvic.ca/communicationsmarketing/photos/video/copyright/index.php
,
index.php,https://www.uvic.ca/communicationsmarketing/photos/contact/index.php
,
,https://www.uvic.ca/alumni/
,
index.php,https://www.uvic.ca/communicationsmarketing/photos/video/workshops/index.php
,
index.php,https://www.uvic.ca/communicationsmarketing/photos/video/downloads/index.php
,
logout?url=https%3A%2F%2Fwww.uvic.ca%2Fhome%2Fcurrent%2Fcontact-us%2Femergency%2Findex.php,https://www.uvic.ca/cas/logout?url=https%3A%2F%2Fwww.uvic.ca%2Fhome%2Fcurrent%2Fcontact-us%2Femergency%2Findex.php
,
index.php,https://www.uvic.ca/websites/project/start/index.php
,
index.php,https://www.uvic.ca/brand/story/messages/index.php
,
index.php,https://www.uvic.ca/communicationsmarketing/photos/news/index.php
,
,https://www.uvic.ca/orientation/
,
index.php,https://www.uvic.ca/brand/photography/releases/index.php
,
logout?url=https%3A%2F%2Fwww.uvic.ca%2Fsystems%2Fsupport%2Favmultimedia%2Funified-form.php,https://www.uvic.ca/cas/logout?url=https%3A%2F%2Fwww.uvic.ca%2Fsystems%2Fsupport%2Favmultimedia%2Funified-form.php
,
logout?url=https%3A%2F%2Fwww.uvic.ca%2Fcommunicationsmarketing%2Fphotos%2Fvideo%2Fplan%2Findex.php,https://www.uvic.ca/cas/logout?url=https%3A%2F%2Fwww.uvic.ca%2Fcommunicationsmarketing%2Fphotos%2Fvideo%2Fplan%2Findex.php
,
index.php,https://www.uvic.ca/systems/support/contact/index.php
,
logout?url=https%3A%2F%2Fwww.uvic.ca%2Fcommunicationsmarketing%2Fphotos%2Fvideo%2Fworkshops%2Findex.php,https://www.uvic.ca/cas/logout?url=https%3A%2F%2Fwww.uvic.ca%2Fcommunicationsmarketing%2Fphotos%2Fvideo%2Fworkshops%2Findex.php
,
logout?url=https%3A%2F%2Fwww.uvic.ca%2Fcommunicationsmarketing%2Fphotos%2Fcontact%2Findex.php,https://www.uvic.ca/cas/logout?url=https%3A%2F%2Fwww.uvic.ca%2Fcommunicationsmarketing%2Fphotos%2Fcontact%2Findex.php
,
index.php,https://www.uvic.ca/systems/support/web/contentmanagement/index.php
,
index.php,https://www.uvic.ca/websites/project/contact/index.php
,
index.php,https://www.uvic.ca/alumni/impact/home/awards/volunteer/index.php
,
index.php,https://www.uvic.ca/orientation/new-student-handbook/new-student-checklist/index.php
,
index.php,https://www.uvic.ca/alumni/about/home/contact/index.php
,
,https://www.uvic.ca/home/about/campus-info/welcome-centre/
,
EventLists.aspx?ID=22,https://my.uvic.ca/Ellucian.ERecruiting.Web.External/Pages/EventLists.aspx?ID=22
,
logout?url=https%3A%2F%2Fwww.uvic.ca%2Fsystems%2Fsupport%2Fcontact%2Findex.php,https://www.uvic.ca/cas/logout?url=https%3A%2F%2Fwww.uvic.ca%2Fsystems%2Fsupport%2Fcontact%2Findex.php
,
EventDetails.aspx?id=f5a1481d-94ac-e811-9420-0050568518f9,https://my.uvic.ca/Ellucian.ERecruiting.Web.External/Pages/EventDetails.aspx?id=f5a1481d-94ac-e811-9420-0050568518f9
,
index.php?cw_inChannelLink=1&qtype=dept&deptid=1149&,https://www.uvic.ca/systems/support/contact/index.php?cw_inChannelLink=1&qtype=dept&deptid=1149&
,
EventDetails.aspx?id=f1a1481d-94ac-e811-9420-0050568518f9,https://my.uvic.ca/Ellucian.ERecruiting.Web.External/Pages/EventDetails.aspx?id=f1a1481d-94ac-e811-9420-0050568518f9
,
index.php?cw_inChannelLink=1&qtype=dept&deptid=1183&,https://www.uvic.ca/systems/support/contact/index.php?cw_inChannelLink=1&qtype=dept&deptid=1183&
,
,https://www.uvic.ca/library/locations/home/archives/
,
index.php,https://www.uvic.ca/brand/photography/videocoordination/index.php
,
index.php,https://www.uvic.ca/brand/photography/contact/index.php
,
EventDetails.aspx?id=e9a1481d-94ac-e811-9420-0050568518f9,https://my.uvic.ca/Ellucian.ERecruiting.Web.External/Pages/EventDetails.aspx?id=e9a1481d-94ac-e811-9420-0050568518f9
,
index.php?cw_inChannelLink=1&qtype=dept&deptid=1048&,https://www.uvic.ca/systems/support/contact/index.php?cw_inChannelLink=1&qtype=dept&deptid=1048&
,
index.php,https://www.uvic.ca/brand/photography/photoshoots/index.php
,
index.php?cw_inChannelLink=1&qtype=dept&deptid=1047&,https://www.uvic.ca/systems/support/contact/index.php?cw_inChannelLink=1&qtype=dept&deptid=1047&
,
index.php,https://www.uvic.ca/brand/photography/gallery/index.php
,
EventDetails.aspx?id=eda1481d-94ac-e811-9420-0050568518f9,https://my.uvic.ca/Ellucian.ERecruiting.Web.External/Pages/EventDetails.aspx?id=eda1481d-94ac-e811-9420-0050568518f9
,
logout?url=https%3A%2F%2Fwww.uvic.ca%2Falumni%2Fimpact%2Fhome%2Fawards%2Fvolunteer%2Findex.php,https://www.uvic.ca/cas/logout?url=https%3A%2F%2Fwww.uvic.ca%2Falumni%2Fimpact%2Fhome%2Fawards%2Fvolunteer%2Findex.php
,
logout?url=https%3A%2F%2Fwww.uvic.ca%2Fhome%2Fabout%2Fcampus-info%2Fwelcome-centre%2F,https://www.uvic.ca/cas/logout?url=https%3A%2F%2Fwww.uvic.ca%2Fhome%2Fabout%2Fcampus-info%2Fwelcome-centre%2F
,
index.php,https://www.uvic.ca/orientation/new-student-handbook/living/index.php
,
index.php,https://www.uvic.ca/alumni/about/home/news/index.php
,
,https://www.uvic.ca/alumni/torch/
